Dist	Incumbent	Incumbent Party	2025 PVI	2026 PVI	2026 Rank
AL-01	OPEN (Moore)	R	R+27	R+17	394
AL-02	Shomari Figures	D	D+5	R+7	259
AL-03	Mike Rogers	R	R+23	R+23	422
AL-04	Robert Aderholt	R	R+33	R+33	435
AL-05	Dale Strong	R	R+15	R+15	366
AL-06	Gary Palmer	R	R+20	R+17	393
AL-07	Terri Sewell	D	D+13	D+10	124
AK-AL	Nick Begich	R	R+6	R+6	258
AZ-01	OPEN (Schweikert)	R	R+1	R+1	213
AZ-02	Eli Crane	R	R+7	R+7	265
AZ-03	Yassamin Ansari	D	D+22	D+22	44
AZ-04	Greg Stanton	D	D+4	D+4	173
AZ-05	OPEN (Biggs)	R	R+10	R+10	303
AZ-06	Juan Ciscomani	R	EVEN	EVEN	209
AZ-07	Adelita Grijalva	D	D+13	D+13	96
AZ-08	Abraham Hamadeh	R	R+8	R+8	282
AZ-09	Paul Gosar	R	R+15	R+15	371
AR-01	Rick Crawford	R	R+23	R+23	421
AR-02	French Hill	R	R+8	R+8	275
AR-03	Steve Womack	R	R+13	R+13	354
AR-04	Bruce Westerman	R	R+20	R+20	407
CA-01	James Gallagher	R	R+12	D+7	144
CA-02	Jared Huffman	D	D+24	D+13	90
CA-03	Ami Bera	D	R+2	D+6	157
CA-04	Mike Thompson	D	D+17	D+8	133
CA-05	Tom McClintock	R	R+8	R+10	307
CA-06	Kevin Kiley	I	D+8	D+5	164
CA-07	Doris Matsui	D	D+16	D+7	142
CA-08	John Garamendi	D	D+24	D+19	63
CA-09	Josh Harder	D	D+1	D+8	139
CA-10	Mark DeSaulnier	D	D+18	D+18	70
CA-11	OPEN (Pelosi)	D	D+36	D+36	6
CA-12	Lateefah Simon	D	D+39	D+39	2
CA-13	Adam Gray	D	R+1	D+2	186
CA-14	VACANT (Swalwell)	D	D+20	D+19	58
CA-15	Kevin Mullin	D	D+26	D+26	28
CA-16	Sam Liccardo	D	D+26	D+25	29
CA-17	Ro Khanna	D	D+21	D+21	45
CA-18	Zoe Lofgren	D	D+17	D+16	80
CA-19	Jimmy Panetta	D	D+18	D+18	66
CA-20	Vince Fong	R	R+15	R+16	379
CA-21	Jim Costa	D	D+4	D+5	161
CA-22	David Valadao	R	R+1	D+1	199
CA-23	Jay Obernolte	R	R+8	R+9	296
CA-24	Salud Carbajal	D	D+13	D+13	88
CA-25	Raul Ruiz	D	D+3	D+4	170
CA-26	OPEN (Brownley)	D	D+8	D+9	128
CA-27	George Whitesides	D	D+3	D+6	151
CA-28	Judy Chu	D	D+15	D+14	86
CA-29	Luz Rivas	D	D+20	D+19	57
CA-30	Laura Friedman	D	D+22	D+21	46
CA-31	Gil Cisneros	D	D+10	D+8	136
CA-32	Brad Sherman	D	D+17	D+14	87
CA-33	Pete Aguilar	D	D+7	D+7	143
CA-34	Jimmy Gomez	D	D+28	D+28	20
CA-35	Norma Torres	D	D+8	D+6	155
CA-36	Ted Lieu	D	D+21	D+21	51
CA-37	Sydney Kamlager-Dove	D	D+33	D+33	10
CA-38	OPEN (Sánchez)	D	D+10	D+8	132
CA-39	Mark Takano	D	D+7	D+7	145
CA-40	Young Kim	R	R+1	R+6	249
CA-41	Linda Sanchez	D	R+2	D+9	127
CA-42	Robert Garcia	D	D+18	D+8	140
CA-43	Maxine Waters	D	D+27	D+27	25
CA-44	Nanette Barragan	D	D+19	D+20	54
CA-45	Derek Tran	D	D+1	D+3	182
CA-46	Lou Correa	D	D+11	D+10	119
CA-47	Dave Min	D	D+3	D+6	156
CA-48	OPEN (Issa)	R	R+7	D+2	189
CA-49	Mike Levin	D	D+4	D+7	147
CA-50	Scott Peters	D	D+16	D+10	121
CA-51	Sara Jacobs	D	D+13	D+10	118
CA-52	Juan Vargas	D	D+13	D+11	109
CO-01	OPEN (DeGette)	D	D+29	D+29	18
CO-02	Joe Neguse	D	D+20	D+20	53
CO-03	Jeff Hurd	R	R+5	R+5	236
CO-04	Lauren Boebert	R	R+9	R+9	299
CO-05	Jeff Crank	R	R+5	R+5	237
CO-06	Jason Crow	D	D+11	D+11	114
CO-07	Brittany Petterson	D	D+8	D+8	141
CO-08	Gabe Evans	R	EVEN	EVEN	207
CT-01	John Larson	D	D+12	D+12	101
CT-02	Joe Courtney	D	D+4	D+4	167
CT-03	Rosa DeLauro	D	D+8	D+8	137
CT-04	Jim Himes	D	D+13	D+13	94
CT-05	Jahana Hayes	D	D+3	D+3	174
DE-AL	Sarah McBride	D	D+8	D+8	134
FL-01	Jimmy Patronis	R	R+18	R+18	401
FL-02	OPEN (Dunn)	R	R+8	R+8	286
FL-03	Kat Cammack	R	R+10	R+10	304
FL-04	Aaron Bean	R	R+5	R+5	241
FL-05	John Rutherford	R	R+10	R+10	311
FL-06	Randy Fine	R	R+14	R+14	365
FL-07	Cory Mills	R	R+5	R+5	245
FL-08	Mike Haridopolis	R	R+11	R+8	273
FL-09	Darren Soto	D	D+4	R+8	274
FL-10	Maxwell Frost	D	D+13	D+13	89
FL-11	OPEN (Webster)	R	R+8	R+7	271
FL-12	Gus Bilirakis	R	R+17	R+7	261
FL-13	Anna Paulina Luna	R	R+5	R+6	254
FL-14	Kathy Castor	D	D+5	R+4	233
FL-15	Laurel Lee	R	R+5	R+9	295
FL-16	OPEN (Buchanan)	R	R+7	R+6	253
FL-17	Greg Steube	R	R+11	R+10	310
FL-18	Scott Franklin	R	R+14	R+8	277
FL-19	OPEN (Donalds)	R	R+14	R+14	363
FL-20	VACANT (Cherfilus-McCormick)	D	D+22	D+20	55
FL-21	Brian Mast	R	R+7	R+7	272
FL-22	OPEN (Wasserman Schultz)	D	D+4	R+4	228
FL-23	Lois Frankel	D	D+2	D+9	130
FL-24	Frederica Wilson	D	D+18	D+22	42
FL-25	Jared Moskowitz	D	D+5	R+3	223
FL-26	Mario Diaz-Balart	R	R+16	R+7	269
FL-27	Maria Elvira Salazar	R	R+6	R+6	247
FL-28	Carlos Gimenez	R	R+10	R+10	322
GA-01	OPEN (Carter)	R	R+8	R+8	276
GA-02	Sanford Bishop	D	D+4	D+4	171
GA-03	Brian Jack	R	R+15	R+15	373
GA-04	Hank Johnson	D	D+27	D+27	23
GA-05	Nikema Williams	D	D+36	D+36	5
GA-06	Lucy McBath	D	D+25	D+25	31
GA-07	Rich McCormick	R	R+11	R+11	329
GA-08	Austin Scott	R	R+15	R+15	372
GA-09	Andrew Clyde	R	R+17	R+17	392
GA-10	OPEN (Collins)	R	R+11	R+11	326
GA-11	OPEN (Loudermilk)	R	R+12	R+12	347
GA-12	Rick Allen	R	R+7	R+7	262
GA-13	VACANT (Scott)	D	D+21	D+21	48
GA-14	Clay Fuller	R	R+19	R+19	403
HI-01	Ed Case	D	D+13	D+13	91
HI-02	Jill Tokuda	D	D+12	D+12	104
ID-01	Russ Fulcher	R	R+22	R+22	420
ID-02	Mike Simpson	R	R+13	R+13	359
IL-01	Jonathan Jackson	D	D+18	D+18	72
IL-02	OPEN (Kelly)	D	D+18	D+18	71
IL-03	Delia Ramirez	D	D+17	D+17	75
IL-04	OPEN (García)	D	D+17	D+17	79
IL-05	Mike Quigley	D	D+19	D+19	59
IL-06	Sean Casten	D	D+3	D+3	176
IL-07	OPEN (Davis)	D	D+34	D+34	7
IL-08	OPEN (Krishnamoorthi)	D	D+5	D+5	165
IL-09	OPEN (Schakowsky)	D	D+19	D+19	60
IL-10	Brad Schneider	D	D+12	D+12	105
IL-11	Bill Foster	D	D+6	D+6	149
IL-12	Mike Bost	R	R+22	R+22	418
IL-13	Nikki Budzinski	D	D+5	D+5	160
IL-14	Lauren Underwood	D	D+3	D+3	177
IL-15	Mary Miller	R	R+20	R+20	409
IL-16	Darin LaHood	R	R+11	R+11	344
IL-17	Eric Sorensen	D	D+3	D+3	183
IN-01	Frank Mrvan	D	D+1	D+1	201
IN-02	Rudy Yakym	R	R+13	R+13	357
IN-03	Marlin Stutzman	R	R+16	R+16	378
IN-04	Jim Baird	R	R+15	R+15	370
IN-05	Victoria Spartz	R	R+8	R+8	289
IN-06	Jefferson Shreve	R	R+16	R+16	383
IN-07	André Carson	D	D+21	D+21	47
IN-08	Mark Messmer	R	R+18	R+18	398
IN-09	Erin Houchin	R	R+15	R+15	368
IA-01	Mariannette Miller-Meeks	R	R+4	R+4	227
IA-02	OPEN (Hinson)	R	R+4	R+4	234
IA-03	Zach Nunn	R	R+2	R+2	215
IA-04	OPEN (Feenstra)	R	R+15	R+15	377
KS-01	Tracey Mann	R	R+16	R+16	380
KS-02	Derek Schmidt	R	R+10	R+10	301
KS-03	Sharice Davids	D	D+2	D+2	191
KS-04	Ron Estes	R	R+12	R+12	346
KY-01	James Comer	R	R+23	R+23	427
KY-02	Brett Guthrie	R	R+20	R+20	410
KY-03	Morgan McGarvey	D	D+10	D+10	117
KY-04	Thomas Massie	R	R+18	R+18	396
KY-05	Hal Rogers	R	R+32	R+32	434
KY-06	OPEN (Barr)	R	R+7	R+7	270
LA-01	Steve Scalise	R	R+19	R+20	406
LA-02	Troy Carter	D	D+17	D+25	33
LA-03	Clay Higgins	R	R+22	R+18	397
LA-04	Mike Johnson	R	R+26	R+17	388
LA-05	OPEN (Letlow)	R	R+18	R+17	385
LA-06	OPEN (Fields)	D	D+8	R+16	382
ME-01	Chellie Pingree	D	D+11	D+11	107
ME-02	OPEN (Golden)	D	R+4	R+4	232
MD-01	Andy Harris	R	R+8	R+8	287
MD-02	Johnny Olszewski	D	D+10	D+10	122
MD-03	Sarah Elfreth	D	D+12	D+12	98
MD-04	Glenn Ivey	D	D+39	D+39	4
MD-05	OPEN (Hoyer)	D	D+17	D+17	73
MD-06	April McClain Delaney	D	D+3	D+3	175
MD-07	Kweisi Mfume	D	D+31	D+31	14
MD-08	Jamie Raskin	D	D+30	D+30	15
MA-01	Richard Neal	D	D+8	D+8	135
MA-02	Jim McGovern	D	D+13	D+13	92
MA-03	Lori Trahan	D	D+11	D+11	112
MA-04	Jake Auchincloss	D	D+11	D+11	108
MA-05	Katherine Clark	D	D+24	D+24	37
MA-06	OPEN (Moulton)	D	D+11	D+11	106
MA-07	Ayanna Pressley	D	D+34	D+34	8
MA-08	Stephen Lynch	D	D+15	D+15	85
MA-09	Bill Keating	D	D+6	D+6	148
MI-01	Jack Bergman	R	R+11	R+11	325
MI-02	John Moolenaar	R	R+15	R+15	374
MI-03	Hillary Scholten	D	D+4	D+4	172
MI-04	Bill Huizenga	R	R+3	R+3	219
MI-05	Tim Walberg	R	R+13	R+13	360
MI-06	Debbie Dingell	D	D+12	D+12	99
MI-07	Tom Barrett	R	EVEN	EVEN	210
MI-08	Kristen McDonald Rivet	D	R+1	R+1	211
MI-09	Lisa McClain	R	R+16	R+16	381
MI-10	OPEN (James)	R	R+3	R+3	220
MI-11	OPEN (Stevens)	D	D+9	D+9	129
MI-12	Rashida Tlaib	D	D+21	D+21	49
MI-13	Shri Thanedar	D	D+22	D+22	41
MN-01	Brad Finstad	R	R+6	R+6	252
MN-02	OPEN (Craig)	D	D+3	D+3	179
MN-03	Kelly Morrison	D	D+11	D+11	111
MN-04	Betty McCollum	D	D+18	D+18	65
MN-05	Ilhan Omar	D	D+32	D+32	13
MN-06	Tom Emmer	R	R+10	R+10	305
MN-07	Michelle Fischbach	R	R+18	R+18	400
MN-08	Pete Stauber	R	R+7	R+7	267
MS-01	Trent Kelly	R	R+18	R+18	399
MS-02	Bennie Thompson	D	D+11	D+11	110
MS-03	Michael Guest	R	R+14	R+14	362
MS-04	Mike Ezell	R	R+21	R+21	411
MO-01	Wesley Bell	D	D+29	D+29	17
MO-02	Ann Wagner	R	R+4	R+6	251
MO-03	Bob Onder	R	R+13	R+10	309
MO-04	Mark Alford	R	R+21	R+10	320
MO-05	Emanuel Cleaver	D	D+12	R+9	294
MO-06	OPEN (Graves)	R	R+19	R+13	358
MO-07	Eric Burlison	R	R+21	R+21	416
MO-08	Jason Smith	R	R+27	R+27	430
MT-01	OPEN (Zinke)	R	R+5	R+5	242
MT-02	Troy Downing	R	R+15	R+15	369
NE-01	Mike Flood	R	R+6	R+6	257
NE-02	OPEN (Bacon)	R	D+3	D+3	184
NE-03	Adrian Smith	R	R+27	R+27	431
NV-01	Dina Titus	D	D+2	D+2	194
NV-02	OPEN (Amodei)	R	R+7	R+7	266
NV-03	Susie Lee	D	D+1	D+1	203
NV-04	Steven Horsford	D	D+2	D+2	195
NH-01	OPEN (Pappas)	D	D+2	D+2	197
NH-02	Maggie Goodlander	D	D+2	D+2	185
NJ-01	Donald Norcross	D	D+10	D+10	116
NJ-02	Jeff Van Drew	R	R+5	R+5	244
NJ-03	Herb Conaway	D	D+5	D+5	162
NJ-04	Chris Smith	R	R+14	R+14	364
NJ-05	Josh Gottheimer	D	D+2	D+2	190
NJ-06	Frank Pallone	D	D+5	D+5	163
NJ-07	Thomas Kean	R	EVEN	EVEN	206
NJ-08	Rob Menendez	D	D+15	D+15	83
NJ-09	Nellie Pou	D	D+2	D+2	193
NJ-10	LaMonica McIver	D	D+27	D+27	22
NJ-11	Analilia Mejia	D	D+5	D+5	159
NJ-12	OPEN (Watson Coleman)	D	D+13	D+13	97
NM-01	Melanie Stansbury	D	D+7	D+7	146
NM-02	Gabe Vasquez	D	EVEN	EVEN	205
NM-03	Teresa Leger Fernandez	D	D+3	D+3	178
NY-01	Nick LaLota	R	R+4	R+4	230
NY-02	Andrew Garbarino	R	R+6	R+6	248
NY-03	Tom Suozzi	D	EVEN	EVEN	208
NY-04	Laura Gillen	D	D+2	D+2	188
NY-05	Gregory Meeks	D	D+24	D+24	36
NY-06	Grace Meng	D	D+6	D+6	153
NY-07	OPEN (Velázquez)	D	D+25	D+25	30
NY-08	Hakeem Jeffries	D	D+24	D+24	38
NY-09	Yvette Clarke	D	D+22	D+22	40
NY-10	OPEN (Goldman)	D	D+32	D+32	12
NY-11	Nicole Malliotakis	R	R+10	R+10	318
NY-12	OPEN (Nadler)	D	D+33	D+33	9
NY-13	OPEN (Espaillat)	D	D+32	D+32	11
NY-14	Alexandria Ocasio-Cortez	D	D+19	D+19	61
NY-15	Ritchie Torres	D	D+27	D+27	24
NY-16	George Latimer	D	D+18	D+18	68
NY-17	Mike Lawler	R	D+1	D+1	198
NY-18	Pat Ryan	D	D+2	D+2	187
NY-19	Josh Riley	D	D+1	D+1	200
NY-20	Paul Tonko	D	D+8	D+8	138
NY-21	OPEN (Stefanik)	R	R+10	R+10	306
NY-22	John Mannion	D	D+4	D+4	169
NY-23	Nick Langworthy	R	R+10	R+10	317
NY-24	Claudia Tenney	R	R+11	R+11	340
NY-25	Joseph Morelle	D	D+10	D+10	125
NY-26	Tim Kennedy	D	D+11	D+11	115
NC-01	Don Davis	D	R+1	R+5	240
NC-02	Deborah Ross	D	D+17	D+17	74
NC-03	Greg Murphy	R	R+10	R+6	256
NC-04	Valerie Foushee	D	D+23	D+23	39
NC-05	Virginia Foxx	R	R+9	R+9	292
NC-06	Addison McDowell	R	R+9	R+9	290
NC-07	David Rouzer	R	R+7	R+7	263
NC-08	Mark Harris	R	R+10	R+10	300
NC-09	Richard Hudson	R	R+8	R+8	280
NC-10	Pat Harrigan	R	R+9	R+9	293
NC-11	Chuck Edwards	R	R+5	R+5	239
NC-12	Alma Adams	D	D+24	D+24	34
NC-13	Brad Knott	R	R+8	R+8	288
NC-14	Tim Moore	R	R+8	R+8	279
ND-AL	Julie Fedorchak	R	R+18	R+18	402
OH-01	Greg Landsman	D	D+3	R+1	212
OH-02	David Taylor	R	R+24	R+21	412
OH-03	Joyce Beatty	D	D+21	D+21	50
OH-04	Jim Jordan	R	R+18	R+21	415
OH-05	Bob Latta	R	R+14	R+12	348
OH-06	Michael Rulli	R	R+16	R+17	391
OH-07	Max Miller	R	R+5	R+5	243
OH-08	Warren Davidson	R	R+12	R+8	281
OH-09	Marcy Kaptur	D	R+3	R+5	238
OH-10	Mike Turner	R	R+3	R+4	229
OH-11	Shontel Brown	D	D+28	D+28	21
OH-12	Troy Balderson	R	R+16	R+15	375
OH-13	Emilia Sykes	D	EVEN	D+2	192
OH-14	David Joyce	R	R+9	R+10	308
OH-15	Mike Carey	R	R+4	R+5	235
OK-01	OPEN (Hern)	R	R+11	R+11	332
OK-02	Josh Brecheen	R	R+28	R+28	432
OK-03	Frank Lucas	R	R+23	R+23	424
OK-04	Tom Cole	R	R+17	R+17	387
OK-05	Stephanie Bice	R	R+9	R+9	297
OR-01	Suzanne Bonamici	D	D+20	D+20	56
OR-02	Cliff Bentz	R	R+14	R+14	361
OR-03	Maxine Dexter	D	D+24	D+24	35
OR-04	Val Hoyle	D	D+6	D+6	150
OR-05	Janelle Bynum	D	D+4	D+4	166
OR-06	Andrea Salinas	D	D+6	D+6	154
PA-01	Brian Fitzpatrick	R	D+1	D+1	202
PA-02	Brendan Boyle	D	D+19	D+19	62
PA-03	OPEN (Evans)	D	D+40	D+40	1
PA-04	Madeleine Dean	D	D+8	D+8	131
PA-05	Mary Gay Scanlon	D	D+15	D+15	84
PA-06	Chrissy Houlahan	D	D+6	D+6	152
PA-07	Ryan Mackenzie	R	R+1	R+1	214
PA-08	Rob Bresnahan	R	R+4	R+4	226
PA-09	Dan Meuser	R	R+19	R+19	404
PA-10	Scott Perry	R	R+3	R+3	218
PA-11	Lloyd Smucker	R	R+11	R+11	328
PA-12	Summer Lee	D	D+10	D+10	120
PA-13	John Joyce	R	R+23	R+23	423
PA-14	Guy Reschenthaler	R	R+17	R+17	384
PA-15	Glenn Thompson	R	R+19	R+19	405
PA-16	Mike Kelly	R	R+11	R+11	338
PA-17	Chris Deluzio	D	D+3	D+3	181
RI-01	Gabe Amo	D	D+12	D+12	102
RI-02	Seth Magaziner	D	D+4	D+4	168
SC-01	OPEN (Mace)	R	R+6	R+6	255
SC-02	Joe Wilson	R	R+7	R+7	264
SC-03	Sheri Biggs	R	R+21	R+21	413
SC-04	William Timmons	R	R+11	R+11	342
SC-05	OPEN (Norman)	R	R+11	R+11	331
SC-06	Jim Clyburn	D	D+13	D+13	95
SC-07	Russell Fry	R	R+12	R+12	353
SD-AL	OPEN (Johnson)	R	R+15	R+15	367
TN-01	Diana Harshbarger	R	R+29	R+29	433
TN-02	Tim Burchett	R	R+17	R+17	386
TN-03	Chuck Fleischmann	R	R+18	R+18	395
TN-04	Scott DesJarlais	R	R+21	R+11	333
TN-05	Andy Ogles	R	R+8	R+10	319
TN-06	OPEN (Rose)	R	R+17	R+13	355
TN-07	Matt Van Epps	R	R+10	R+11	330
TN-08	David Kustoff	R	R+21	R+10	302
TN-09	OPEN (Cohen)	D	D+23	R+9	298
TX-01	Nathaniel Moran	R	R+25	R+24	428
TX-02	OPEN (Crenshaw)	R	R+12	R+11	345
TX-03	Keith Self	R	R+10	R+11	337
TX-04	Pat Fallon	R	R+16	R+12	349
TX-05	Lance Gooden	R	R+13	R+10	315
TX-06	Jake Ellzey	R	R+14	R+11	336
TX-07	Lizzie Fletcher	D	D+12	D+13	93
TX-08	OPEN (Luttrell)	R	R+16	R+13	356
TX-09	OPEN (Green)	D	D+24	R+9	291
TX-10	OPEN (McCaul)	R	R+12	R+10	323
TX-11	August Pfluger	R	R+22	R+17	390
TX-12	Craig Goldman	R	R+11	R+11	339
TX-13	Ronny Jackson	R	R+24	R+23	425
TX-14	Randy Weber	R	R+17	R+12	352
TX-15	Monica De La Cruz	R	R+7	R+7	268
TX-16	Veronica Escobar	D	D+11	D+11	113
TX-17	Pete Sessions	R	R+14	R+10	313
TX-18	Christian Menefee	D	D+21	D+29	19
TX-19	OPEN (Arrington)	R	R+25	R+25	429
TX-20	Joaquin Castro	D	D+12	D+16	81
TX-21	OPEN (Roy)	R	R+11	R+10	321
TX-22	OPEN (Nehls)	R	R+9	R+11	327
TX-23	VACANT (Gonzales)	R	R+7	R+7	260
TX-24	Beth Van Duyne	R	R+7	R+8	278
TX-25	Roger Williams	R	R+18	R+11	335
TX-26	Brandon Gill	R	R+11	R+11	343
TX-27	Michael Cloud	R	R+14	R+10	314
TX-28	Henry Cuellar	D	R+2	R+3	221
TX-29	Sylvia Garcia	D	D+12	D+17	77
TX-30	OPEN (Crockett)	D	D+25	D+25	32
TX-31	John Carter	R	R+11	R+11	324
TX-32	OPEN (Johnson)	D	D+13	R+8	283
TX-33	OPEN (Veasey)	D	D+19	D+18	67
TX-34	Vicente Gonzalez	D	EVEN	R+3	225
TX-35	OPEN (Casar)	D	D+19	R+4	231
TX-36	Brian Babin	R	R+18	R+12	350
TX-37	Greg Casar	D	D+26	D+30	16
TX-38	OPEN (Hunt)	R	R+10	R+10	316
UT-01	OPEN (Owens)	R	R+10	D+12	100
UT-02	Blake Moore	R	R+10	R+15	376
UT-03	Celeste Maloy	R	R+10	R+21	414
UT-04	Mike Kennedy	R	R+14	R+17	389
VT-AL	Becca Balint	D	D+17	D+17	78
VA-01	Rob Wittman	R	R+3	R+3	222
VA-02	Jen Kiggans	R	EVEN	EVEN	204
VA-03	Bobby Scott	D	D+18	D+18	69
VA-04	Jennifer McClellan	D	D+17	D+17	76
VA-05	John McGuire	R	R+6	R+6	250
VA-06	Ben Cline	R	R+12	R+12	351
VA-07	Eugene Vindman	D	D+2	D+2	196
VA-08	Don Beyer	D	D+26	D+26	27
VA-09	Morgan Griffith	R	R+22	R+22	417
VA-10	Suhas Subramanyam	D	D+6	D+6	158
VA-11	James Walkinshaw	D	D+18	D+18	64
WA-01	Suzan DelBene	D	D+15	D+15	82
WA-02	Rick Larsen	D	D+12	D+12	103
WA-03	Marie Gluesenkamp Perez	D	R+2	R+2	216
WA-04	OPEN (Newhouse)	R	R+10	R+10	312
WA-05	Michael Baumgartner	R	R+5	R+5	246
WA-06	Emily Randall	D	D+10	D+10	123
WA-07	Pramila Jayapal	D	D+39	D+39	3
WA-08	Kim Schrier	D	D+3	D+3	180
WA-09	Adam Smith	D	D+22	D+22	43
WA-10	Marilyn Strickland	D	D+9	D+9	126
WV-01	Carol Miller	R	R+22	R+22	419
WV-02	Riley Moore	R	R+20	R+20	408
WI-01	Bryan Steil	R	R+2	R+2	217
WI-02	Mark Pocan	D	D+21	D+21	52
WI-03	Derrick Van Orden	R	R+3	R+3	224
WI-04	Gwen Moore	D	D+26	D+26	26
WI-05	Scott Fitzgerald	R	R+11	R+11	341
WI-06	Glenn Grothman	R	R+8	R+8	285
WI-07	OPEN (Tiffany)	R	R+11	R+11	334
WI-08	Tony Wied	R	R+8	R+8	284
WY-AL	OPEN (Hageman)	R	R+23	R+23	426
